
{
	"allowSleep" : true,
	"autoClearForces" : true,
	"body" : 
	[
		
		{
			"angle" : 0,
			"angularVelocity" : 0,
			"awake" : true,
			"fixture" : 
			[
				
				{
					"density" : 1,
					"friction" : 0.2,
					"name" : "fixture0",
					"polygon" : 
					{
						"vertices" : 
						{
							"x" : 
							[
								2.748569965362549,
								2.673569917678833,
								2.207370042800903,
								1.765490055084229,
								-2.724250078201294,
								1.56373667716980,
								2.455551385879517
							],
							"y" : 
							[
								-0.3445850014686584,
								0.7743020057678223,
								0.7986260056495667,
								0.7905179858207703,
								0.6040369868278503,
								-1.481109738349915,
								-1.279355287551880
							]
						}
					}
				},
				
				{
					"density" : 1,
					"friction" : 0.2,
					"name" : "fixture0",
					"polygon" : 
					{
						"vertices" : 
						{
							"x" : 
							[
								1.56373667716980,
								-2.724250078201294,
								-2.416150093078613,
								-1.717536687850952,
								-0.9160659909248352,
								-0.2597055435180664,
								0.4378249943256378
							],
							"y" : 
							[
								-1.481109738349915,
								0.6040369868278503,
								-0.09324059635400772,
								-0.6653277873992920,
								-1.143429994583130,
								-1.364122867584229,
								-1.485769987106323
							]
						}
					}
				}
			],
			"linearVelocity" : 0,
			"massData-I" : 23.96164512634277,
			"massData-center" : 
			{
				"x" : 0.3661766350269318,
				"y" : -0.2514589726924896
			},
			"massData-mass" : 9.731511116027832,
			"name" : "body0",
			"position" : 0,
			"type" : 2
		}
	],
	"collisionbitplanes" : 
	{
		"names" : 
		[
			"bitplane1",
			"bitplane2",
			"bitplane3",
			"bitplane4",
			"bitplane5",
			"bitplane6",
			"bitplane7",
			"bitplane8",
			"bitplane9",
			"bitplane10",
			"bitplane11",
			"bitplane12",
			"bitplane13",
			"bitplane14",
			"bitplane15",
			"bitplane16",
			"bitplane17",
			"bitplane18",
			"bitplane19",
			"bitplane20",
			"bitplane21",
			"bitplane22",
			"bitplane23",
			"bitplane24",
			"bitplane25",
			"bitplane26",
			"bitplane27",
			"bitplane28",
			"bitplane29",
			"bitplane30",
			"bitplane31",
			"bitplane32"
		]
	},
	"continuousPhysics" : true,
	"gravity" : 
	{
		"x" : 0,
		"y" : -1
	},
	"image" : 
	[
		
		{
			"aspectScale" : 1,
			"body" : 0,
			"center" : 0,
			"corners" : 
			{
				"x" : 
				[
					-2.762096881866455,
					2.762096881866455,
					2.762096881866455,
					-2.762096881866455
				],
				"y" : [ -1.5, -1.5, 1.5, 1.5 ]
			},
			"file" : "../../ArtOriginal/Navio_Augusto.png",
			"filter" : 1,
			"glDrawElements" : [ 0, 1, 2, 2, 3, 0 ],
			"glTexCoordPointer" : [ 0.0, 0.0, 1, 0.0, 1, 1, 0.0, 1 ],
			"glVertexPointer" : 
			[
				-2.762096881866455,
				-1.5,
				2.762096881866455,
				-1.5,
				2.762096881866455,
				1.5,
				-2.762096881866455,
				1.5
			],
			"name" : "image0",
			"opacity" : 0.5,
			"scale" : 3
		}
	],
	"positionIterations" : 3,
	"stepsPerSecond" : 60.0,
	"subStepping" : false,
	"velocityIterations" : 8,
	"warmStarting" : true
}
