
{
	"allowSleep" : true,
	"autoClearForces" : true,
	"body" : 
	[
		
		{
			"angle" : 0,
			"angularVelocity" : 0,
			"awake" : true,
			"fixture" : 
			[
				
				{
					"density" : 2,
					"friction" : 0.2,
					"name" : "waterfix",
					"polygon" : 
					{
						"vertices" : 
						{
							"x" : 
							[
								24.37820053100586,
								24.37820053100586,
								-24.37820053100586,
								-24.37820053100586
							],
							"y" : 
							[
								-3.821042299270630,
								3.821042299270630,
								3.821042299270630,
								-3.821042299270630
							]
						}
					},
					"sensor" : true
				}
			],
			"linearVelocity" : 0,
			"name" : "water",
			"position" : 0,
			"type" : 0
		},
		
		{
			"angle" : 0,
			"angularVelocity" : 0,
			"awake" : true,
			"fixture" : 
			[
				
				{
					"density" : 1,
					"friction" : 0.2,
					"name" : "hullpointingright",
					"polygon" : 
					{
						"vertices" : 
						{
							"x" : 
							[
								2.724809885025024,
								-1.765849947929382,
								-0.4379140138626099,
								0.2597590088844299,
								0.9162529706954956,
								1.717890024185181,
								2.416640043258667
							],
							"y" : 
							[
								0.6040369868278503,
								0.7905179858207703,
								-1.485769987106323,
								-1.364120006561279,
								-1.143429994583130,
								-0.6653280258178711,
								-0.09324049949645996
							]
						}
					}
				},
				
				{
					"density" : 1,
					"friction" : 0.2,
					"name" : "hullpointingright",
					"polygon" : 
					{
						"vertices" : 
						{
							"x" : 
							[
								-0.4379140138626099,
								-1.765849947929382,
								-2.207819938659668,
								-2.674119949340820,
								-2.749130010604858,
								-2.456049919128418,
								-1.564059972763062
							],
							"y" : 
							[
								-1.485769987106323,
								0.7905179858207703,
								0.7986260056495667,
								0.7743020057678223,
								-0.3445850014686584,
								-1.279360055923462,
								-1.481109976768494
							]
						}
					}
				}
			],
			"linearVelocity" : 0,
			"massData-I" : 23.97467613220215,
			"massData-center" : 
			{
				"x" : -0.3662518858909607,
				"y" : -0.2514588236808777
			},
			"massData-mass" : 9.733500480651855,
			"name" : "shipHull",
			"position" : 
			{
				"x" : 0.1038541793823242,
				"y" : 6.402290344238281
			},
			"type" : 2
		}
	],
	"collisionbitplanes" : 
	{
		"names" : 
		[
			"bitplane1",
			"bitplane2",
			"bitplane3",
			"bitplane4",
			"bitplane5",
			"bitplane6",
			"bitplane7",
			"bitplane8",
			"bitplane9",
			"bitplane10",
			"bitplane11",
			"bitplane12",
			"bitplane13",
			"bitplane14",
			"bitplane15",
			"bitplane16",
			"bitplane17",
			"bitplane18",
			"bitplane19",
			"bitplane20",
			"bitplane21",
			"bitplane22",
			"bitplane23",
			"bitplane24",
			"bitplane25",
			"bitplane26",
			"bitplane27",
			"bitplane28",
			"bitplane29",
			"bitplane30",
			"bitplane31",
			"bitplane32"
		]
	},
	"continuousPhysics" : true,
	"gravity" : 
	{
		"x" : 0,
		"y" : -10
	},
	"positionIterations" : 3,
	"stepsPerSecond" : 60.0,
	"subStepping" : false,
	"velocityIterations" : 8,
	"warmStarting" : true
}
